{
  "train_loss": [
    1.1226226091384888,
    1.0147395431995392,
    0.9909000396728516,
    1.0002932846546173,
    0.9841395020484924,
    1.0092566013336182,
    1.078399658203125,
    1.0399242341518402,
    1.013765037059784,
    0.9400867819786072,
    0.9925461709499359,
    1.0186517834663391,
    0.9754465520381927,
    1.0063185095787048,
    0.995318740606308,
    1.01273775100708,
    1.0018321871757507,
    1.0240526795387268,
    0.9579351544380188,
    1.0042356252670288,
    1.0065391659736633,
    1.0019703209400177,
    0.9981862306594849,
    1.0007869005203247,
    0.9908998310565948
  ],
  "val_loss": [
    1.0481795072555542,
    1.0317659378051758,
    1.0112059116363525,
    0.9983011484146118,
    0.9867027997970581,
    0.9803672432899475,
    0.9750083684921265,
    0.9713611602783203,
    0.9687507152557373,
    0.9645154476165771,
    0.9609605669975281,
    0.9594959616661072,
    0.959312915802002,
    0.9592543840408325,
    0.9604809284210205,
    0.9636372327804565,
    0.9659106135368347,
    0.9635305404663086,
    0.9610851407051086,
    0.9576867818832397,
    0.9571273922920227,
    0.9547327756881714,
    0.9563120007514954,
    0.9501653909683228,
    0.9478185176849365
  ],
  "forgery_acc": [
    80.0,
    80.0,
    80.0,
    80.0,
    80.0,
    80.0,
    80.0,
    80.0,
    80.0,
    80.0,
    80.0,
    80.0,
    80.0,
    80.0,
    80.0,
    80.0,
    80.0,
    80.0,
    80.0,
    80.0,
    80.0,
    80.0,
    80.0,
    80.0,
    80.0
  ],
  "roc_auc": [
    1.0,
    0.0,
    0.25,
    0.0,
    0.9375,
    0.625,
    0.25,
    0.125,
    0.375,
    1.0,
    0.75,
    0.625,
    0.5,
    0.3125,
    0.75,
    0.5,
    0.125,
    0.1875,
    0.875,
    0.4375,
    0.0625,
    0.5625,
    0.1875,
    0.3125,
    0.8125
  ]
}